real_model,sample_idx,model,question,answer
claude-haiku-4.5,2,gpt-6-high,"Classify these words as either common nouns or proper nouns.
Scotland, Apple, August","# Classification of Nouns

**Proper Nouns:**
- Scotland (a specific country)
- Apple (a company name)
- August (a specific month)

**Common Nouns:**
- None in this list

All three words are proper nouns because they refer to specific, unique entities and are capitalized."
claude-haiku-4.5,4,claude-opus-5-high,"Classify these words as either common nouns or proper nouns.
Scotland, Apple, August","# Classification of Nouns

**Proper Nouns:**
- **Scotland** - a specific country
- **Apple** - a company name
- **August** - a specific month

**Common Nouns:**
- None in this list

All three words are proper nouns because they refer to specific, named entities."
claude-haiku-4.5,5,qwen-4,"Classify these words as either common nouns or proper nouns.
Scotland, Apple, August","# Classification of Nouns

**Proper Nouns:**
- **Scotland** - a specific country
- **Apple** - a specific company (when capitalized)
- **August** - a specific month

**Common Nouns:**
- **apple** - the fruit (when lowercase)

Note: Apple is a proper noun when referring to the technology company, but ""apple"" would be a common noun when referring to the fruit."
claude-haiku-4.5,1,qwen-4-high,"Classify these words as either common nouns or proper nouns.
Scotland, Apple, August","# Classification

**Common Nouns:**
- Apple

**Proper Nouns:**
- Scotland
- August

**Explanation:**
- **Scotland** - a specific country (proper noun)
- **Apple** - a type of fruit (common noun)
- **August** - a specific month of the year (proper noun)"
claude-haiku-4.5,0,claude-opus-5,"Classify these words as either common nouns or proper nouns.
Scotland, Apple, August","# Classification

**Common Nouns:**
- Apple

**Proper Nouns:**
- Scotland
- August

**Explanation:**
- **Scotland** is a proper noun (a specific country)
- **Apple** is a common noun (a type of fruit)
- **August** is a proper noun (a specific month of the year)"
claude-haiku-4.5,3,gpt-6,"Classify these words as either common nouns or proper nouns.
Scotland, Apple, August","# Classification of Nouns

**Proper Nouns:**
- **Scotland** — a specific country
- **Apple** — a specific company (when capitalized)
- **August** — a specific month

All three are proper nouns because they refer to specific, unique entities and are capitalized."
claude-haiku-4.5,5,qwen-4-high,"Compose a definition using given word
Solitude","# Solitude

**Solitude** is the state of being alone, characterized by a voluntary or involuntary separation from others. It refers to a peaceful isolation where one is free from the presence and interaction of other people, often providing space for reflection, contemplation, or personal renewal. While solitude can be sought as a restorative experience that fosters creativity and self-awareness, it differs from loneliness in that it is generally a chosen or accepted condition rather than an unwanted feeling of disconnection."
claude-haiku-4.5,4,claude-opus-5,"Compose a definition using given word
Solitude","# Solitude

**Definition:** Solitude is the state of being alone, deliberately chosen or circumstantially occurring, in which a person is free from the presence and interaction of others. Unlike loneliness—which carries emotional pain—solitude is often a peaceful or rejuvenating experience, providing space for reflection, creativity, self-discovery, and inner peace. It is a condition valued for its ability to offer respite from social demands and opportunity for personal restoration."
claude-haiku-4.5,2,qwen-4,"Compose a definition using given word
Solitude","# Solitude

**Solitude** is the state of being alone, whether physically isolated from others or emotionally withdrawn from social interaction. It is a condition of peaceful isolation and quietness, distinct from loneliness, as it is often sought voluntarily and cherished for its restorative qualities. Solitude provides space for reflection, self-discovery, and respite from the demands of social engagement, allowing individuals to reconnect with their inner thoughts and find tranquility."
claude-haiku-4.5,0,gpt-6-high,"Compose a definition using given word
Solitude","# Solitude

**Definition:** Solitude is the state of being alone, either physically isolated from others or mentally withdrawn from social interaction. It is a condition of peaceful separation that may be chosen voluntarily for reflection, rest, and personal renewal, or experienced involuntarily as loneliness. Unlike loneliness, which typically carries a sense of disconnection or sadness, solitude often implies a calm, contemplative quality where one finds comfort and clarity in their own company."
claude-haiku-4.5,1,gpt-6,"Compose a definition using given word
Solitude","# Solitude

**Definition:**

Solitude is the state of being alone, either physically isolated from others or mentally withdrawn from social interaction. It refers to a deliberate or circumstantial separation from company, characterized by quietude and introspection. Unlike loneliness, which carries a sense of painful disconnection, solitude can be a chosen condition that provides peace, self-reflection, and restoration. It is often valued as a time for creative thought, meditation, or personal renewal."
claude-haiku-4.5,3,claude-opus-5-high,"Compose a definition using given word
Solitude","# Solitude

**Definition:**

Solitude is the state of being alone, characterized by the absence of other people or social interaction. It refers to a chosen or unchosen period of isolation where one is physically separated from others. Unlike loneliness, which carries a negative connotation of unwanted isolation, solitude is often sought as a peaceful and rejuvenating experience that allows for self-reflection, personal growth, and mental rest. It provides space for introspection, creativity, and the pursuit of individual interests without external distractions or social obligations."
claude-haiku-4.5,4,qwen-4-high,"Construct a question for the following sentence: ""He had a red car"".","# Question Construction

Here are several possible questions for that sentence:

**Direct question:**
- What color car did he have?
- What kind of car did he have?

**Yes/No questions:**
- Did he have a red car?
- Did he have a car?

**Who-focused:**
- Who had a red car?

**More open-ended:**
- What did he have?

The most natural question would be **""What color car did he have?""** since it directly targets the key information (red car) in the original sentence."
claude-haiku-4.5,2,claude-opus-5,"Construct a question for the following sentence: ""He had a red car"".","# Question Construction

Here are several questions that could be asked about that sentence:

1. **What color car did he have?**
2. **Did he have a red car?**
3. **What did he have?**
4. **Who had a red car?**
5. **What kind of car did he have?**

The most direct question would be **""What color car did he have?""** since it targets the key descriptive information in the sentence."
claude-haiku-4.5,3,claude-opus-5-high,"Construct a question for the following sentence: ""He had a red car"".","# Question Construction

Here are several questions that could be asked about that sentence:

1. **What color car did he have?**
2. **Did he have a red car?**
3. **What did he have?**
4. **Who had a red car?**
5. **What kind of car did he have?**

The most direct question would be **""What color car did he have?""** or **""Did he have a red car?""** depending on whether you want an open-ended or yes/no answer."
claude-haiku-4.5,5,qwen-4,"Construct a question for the following sentence: ""He had a red car"".","# Question for ""He had a red car""

Here are several possible questions depending on what aspect you want to focus on:

1. **What color car did he have?** (focuses on the color)
2. **What did he have?** (focuses on the object)
3. **Did he have a red car?** (yes/no question)
4. **What kind of vehicle did he own?** (focuses on the type of possession)

The most straightforward question would be **""What did he have?""** or **""What color car did he have?""**"
claude-haiku-4.5,0,gpt-6-high,"Construct a question for the following sentence: ""He had a red car"".","# Question for ""He had a red car""

**What color car did he have?**

---

Other possible questions:
- Did he have a red car?
- What did he have?
- Who had a red car?"
claude-haiku-4.5,1,gpt-6,"Construct a question for the following sentence: ""He had a red car"".","# Question for ""He had a red car""

Here are a few options depending on what you want to ask:

**About the color:**
""What color was his car?""

**About what he had:**
""What did he have?""

**About the car:**
""Did he have a red car?""

**About the possession:**
""Who had a red car?""

The most natural question would be: **""What color was his car?""** or **""What did he have?""**"
claude-haiku-4.5,0,claude-opus-5-high,"Edit the text such that the content of the text makes sense.
John and his brother went at the store to get some ice cream.","# Edited Version

**John and his brother went to the store to get some ice cream.**

## Changes Made:
- Changed ""went at the store"" to ""went to the store"" (correct preposition)"
claude-haiku-4.5,5,gpt-6-high,"Edit the text such that the content of the text makes sense.
John and his brother went at the store to get some ice cream.","# Edited Version

John and his brother went **to** the store to get some ice cream.

**Change made:** ""at"" → ""to""

The corrected sentence now makes grammatical sense. ""Went to"" is the correct phrasal verb for traveling to a location."
claude-haiku-4.5,3,qwen-4-high,"Edit the text such that the content of the text makes sense.
John and his brother went at the store to get some ice cream.","# Edited Version

**John and his brother went to the store to get some ice cream.**

---

## Changes Made:
- Changed ""went **at** the store"" to ""went **to** the store""
  - The correct preposition is ""to,"" not ""at,"" when indicating movement toward a destination."
claude-haiku-4.5,2,gpt-6,"Edit the text such that the content of the text makes sense.
John and his brother went at the store to get some ice cream.","# Edited Version

**John and his brother went to the store to get some ice cream.**

---

## Changes Made

- **""went at the store""** → **""went to the store""**
  - The correct preposition is ""to,"" not ""at"""
claude-haiku-4.5,4,claude-opus-5,"Edit the text such that the content of the text makes sense.
John and his brother went at the store to get some ice cream.","# Edited Version

**John and his brother went to the store to get some ice cream.**

## Changes Made
- Changed ""went at the store"" to ""went to the store""

The preposition ""to"" is correct when indicating movement toward a destination. ""At"" is used to indicate location (being in a place), while ""to"" indicates direction or movement toward a place."
claude-haiku-4.5,1,qwen-4,"Edit the text such that the content of the text makes sense.
John and his brother went at the store to get some ice cream.","# Edited Version

**John and his brother went to the store to get some ice cream.**

## Changes Made

- Changed ""went at the store"" to ""went to the store"" (correct preposition)

The sentence now reads clearly and grammatically correct."
claude-haiku-4.5,1,gpt-6-high,Generate a 3-line poem based on the following theme: 'Celebrating Nature'.,"# Celebrating Nature

Green mountains rise to kiss the sky so blue,
While wildflowers dance in morning's golden light,
And all creation sings the earth's soft tune."
claude-haiku-4.5,2,claude-opus-5-high,Generate a 3-line poem based on the following theme: 'Celebrating Nature'.,"# Celebrating Nature

Sunlight filters through emerald leaves so green,
While birdsong fills the air with melodies divine,
In nature's gentle arms, our hearts find peace serene."
claude-haiku-4.5,4,claude-opus-5,Generate a 3-line poem based on the following theme: 'Celebrating Nature'.,"# Celebrating Nature

Golden sunlight filters through the emerald leaves above,
While wildflowers dance in gentle breezes, painted by the earth's own love,
And in this symphony of green and blue, our weary souls find home."
claude-haiku-4.5,3,qwen-4,Generate a 3-line poem based on the following theme: 'Celebrating Nature'.,"# Celebrating Nature

Green valleys breathe beneath the endless sky,
Where wildflowers dance and eagles soar up high,
Earth's gentle gift renews our weary soul."
claude-haiku-4.5,5,gpt-6,Generate a 3-line poem based on the following theme: 'Celebrating Nature'.,"# Celebrating Nature

Golden sunlight filters through emerald leaves,
While birdsong dances with the gentle breeze,
Nature's beauty binds us to the earth we weave."
claude-haiku-4.5,0,qwen-4-high,Generate a 3-line poem based on the following theme: 'Celebrating Nature'.,"# Celebrating Nature

Sunlight dances through the emerald leaves,
While birdsong echoes across the gentle breeze,
A world of wonders that forever weaves."
claude-haiku-4.5,0,qwen-4,Generate a sentence that expresses an idea of certainty.,The sun will rise tomorrow morning without fail.
claude-haiku-4.5,4,gpt-6,Generate a sentence that expresses an idea of certainty.,"# A Sentence of Certainty

""The sun will rise tomorrow without question.""

This sentence expresses absolute certainty about a future event that is guaranteed by natural law."
claude-haiku-4.5,5,claude-opus-5-high,Generate a sentence that expresses an idea of certainty.,"# Certainty

""Without a doubt, the sun will rise tomorrow morning."""
claude-haiku-4.5,3,qwen-4-high,Generate a sentence that expresses an idea of certainty.,"# A Sentence Expressing Certainty

""I am absolutely certain that the sun will rise tomorrow morning.""

This sentence uses the phrase ""absolutely certain"" to convey complete confidence in the stated idea."
claude-haiku-4.5,1,gpt-6-high,Generate a sentence that expresses an idea of certainty.,"# Certainty

I am absolutely certain that the sun will rise tomorrow morning."
claude-haiku-4.5,2,claude-opus-5,Generate a sentence that expresses an idea of certainty.,"# Certainty

Without a doubt, the sun will rise tomorrow morning."
claude-haiku-4.5,2,gpt-6-high,"Generate a table of frequencies for the following text.
The quick brown fox jumps over the lazy dog.","# Frequency Table

| Word | Frequency |
|------|-----------|
| the | 1 |
| quick | 1 |
| brown | 1 |
| fox | 1 |
| jumps | 1 |
| over | 1 |
| lazy | 1 |
| dog | 1 |

**Total words:** 8
**Unique words:** 8

*Note: Analysis is case-insensitive and excludes punctuation.*"
claude-haiku-4.5,0,claude-opus-5-high,"Generate a table of frequencies for the following text.
The quick brown fox jumps over the lazy dog.","# Word Frequency Table

| Word | Frequency |
|------|-----------|
| the | 1 |
| quick | 1 |
| brown | 1 |
| fox | 1 |
| jumps | 1 |
| over | 1 |
| lazy | 1 |
| dog | 1 |

**Total unique words:** 8  
**Total words:** 8"
claude-haiku-4.5,4,claude-opus-5,"Generate a table of frequencies for the following text.
The quick brown fox jumps over the lazy dog.","# Frequency Table

| Character | Frequency |
|-----------|-----------|
| o | 4 |
| space | 8 |
| e | 1 |
| u | 2 |
| i | 1 |
| a | 1 |
| y | 1 |
| t | 1 |
| h | 1 |
| q | 1 |
| c | 1 |
| k | 1 |
| b | 1 |
| r | 2 |
| w | 1 |
| n | 1 |
| f | 1 |
| x | 1 |
| j | 1 |
| m | 1 |
| p | 1 |
| s | 1 |
| v | 1 |
| l | 1 |
| z | 1 |
| d | 1 |
| g | 1 |
| . | 1 |

**Total characters (including spaces and punctuation): 36**"
claude-haiku-4.5,3,gpt-6,"Generate a table of frequencies for the following text.
The quick brown fox jumps over the lazy dog.","# Frequency Table

| Word | Frequency |
|------|-----------|
| the | 1 |
| quick | 1 |
| brown | 1 |
| fox | 1 |
| jumps | 1 |
| over | 1 |
| lazy | 1 |
| dog | 1 |

**Total unique words:** 8
**Total words:** 8"
claude-haiku-4.5,5,qwen-4,"Generate a table of frequencies for the following text.
The quick brown fox jumps over the lazy dog.","# Character Frequency Table

| Character | Frequency |
|-----------|-----------|
| space | 8 |
| o | 4 |
| u | 2 |
| e | 1 |
| a | 1 |
| z | 1 |
| y | 1 |
| w | 1 |
| v | 1 |
| r | 2 |
| p | 1 |
| m | 1 |
| j | 1 |
| i | 1 |
| h | 1 |
| g | 1 |
| f | 1 |
| d | 1 |
| c | 1 |
| b | 1 |
| . | 1 |
| k | 1 |
| l | 1 |
| q | 1 |
| t | 1 |
| x | 1 |
| n | 1 |
| s | 1 |

# Word Frequency Table

| Word | Frequency |
|------|-----------|
| the | 1 |
| quick | 1 |
| brown | 1 |
| fox | 1 |
| jumps | 1 |
| over | 1 |
| lazy | 1 |
| dog | 1 |"
claude-haiku-4.5,1,qwen-4-high,"Generate a table of frequencies for the following text.
The quick brown fox jumps over the lazy dog.","# Frequency Table

| Word | Frequency |
|------|-----------|
| the | 1 |
| quick | 1 |
| brown | 1 |
| fox | 1 |
| jumps | 1 |
| over | 1 |
| lazy | 1 |
| dog | 1 |

**Total unique words:** 8  
**Total words:** 8"
claude-haiku-4.5,2,claude-opus-5,"Given a story, identify the protagonist.
Story: John had been struggling in school for years. One day, he decided he was tired of letting himself get pushed around and he set out to fight back.","# Protagonist

The protagonist is **John**.

John is the main character whose perspective we follow and whose internal struggle and decision to take action drives the narrative forward."
claude-haiku-4.5,5,claude-opus-5-high,"Given a story, identify the protagonist.
Story: John had been struggling in school for years. One day, he decided he was tired of letting himself get pushed around and he set out to fight back.","# Protagonist

**John** is the protagonist of this story.

He is the main character who drives the narrative forward by making a decision to change his circumstances and take action against the challenges he faces."
claude-haiku-4.5,4,qwen-4,"Given a story, identify the protagonist.
Story: John had been struggling in school for years. One day, he decided he was tired of letting himself get pushed around and he set out to fight back.","# Protagonist

**John** is the protagonist of this story.

He is the main character who faces a struggle (difficulty in school) and takes action to resolve it (deciding to fight back against being pushed around)."
claude-haiku-4.5,0,gpt-6,"Given a story, identify the protagonist.
Story: John had been struggling in school for years. One day, he decided he was tired of letting himself get pushed around and he set out to fight back.","# Protagonist

The protagonist is **John**.

He is the main character whose internal struggle and decision to take action drives the narrative forward."
claude-haiku-4.5,1,gpt-6-high,"Given a story, identify the protagonist.
Story: John had been struggling in school for years. One day, he decided he was tired of letting himself get pushed around and he set out to fight back.","# Protagonist

The protagonist is **John**.

He is the main character whose journey the story follows, and the narrative centers on his decision to change his situation and stand up for himself."
claude-haiku-4.5,3,qwen-4-high,"Given a story, identify the protagonist.
Story: John had been struggling in school for years. One day, he decided he was tired of letting himself get pushed around and he set out to fight back.","# Protagonist

The protagonist is **John**.

John is the main character who drives the narrative forward. The story centers on his internal struggle and his decision to take action against being pushed around at school."
claude-haiku-4.5,0,qwen-4,"Recognize the sentiment of this sentence.
I'm really happy with how my life is going.","**Sentiment: Positive**

This sentence expresses a clearly positive sentiment. The speaker is expressing satisfaction and happiness with their current life situation. Key indicators include:

- ""really happy"" - explicit positive emotion
- ""how my life is going"" - positive assessment of their overall life situation"
claude-haiku-4.5,4,gpt-6-high,"Recognize the sentiment of this sentence.
I'm really happy with how my life is going.","# Sentiment Analysis

**Sentiment: Positive** ✓

This sentence expresses a clearly positive sentiment. The speaker is:
- Using the word ""really happy"" - a strong positive emotion
- Expressing satisfaction with their current life circumstances
- Conveying contentment and well-being"
claude-haiku-4.5,3,claude-opus-5-high,"Recognize the sentiment of this sentence.
I'm really happy with how my life is going.","**Positive Sentiment**

This sentence expresses a clearly positive sentiment. The speaker is expressing satisfaction and happiness about their life circumstances. Key indicators include:

- The word ""really"" intensifies the emotion
- ""happy"" is a direct positive emotion word
- The overall tone is optimistic and content"
claude-haiku-4.5,1,gpt-6,"Recognize the sentiment of this sentence.
I'm really happy with how my life is going.","**Sentiment: Positive**

This sentence expresses a clear positive sentiment. The speaker is expressing satisfaction and happiness with their life circumstances, indicated by the phrase ""really happy."""
claude-haiku-4.5,2,qwen-4-high,"Recognize the sentiment of this sentence.
I'm really happy with how my life is going.","**Sentiment: Positive**

This sentence expresses a positive sentiment. The speaker is conveying satisfaction and contentment with their life circumstances, as indicated by the phrase ""really happy."""
claude-haiku-4.5,5,claude-opus-5,"Recognize the sentiment of this sentence.
I'm really happy with how my life is going.","# Sentiment Analysis

**Sentiment: Positive** 😊

This sentence expresses a clear positive sentiment. The speaker is:
- Using positive language (""really happy"")
- Expressing satisfaction with their current life situation
- Conveying contentment and well-being"
claude-haiku-4.5,0,claude-opus-5-high,Write a short story about a person living during a pandemic.,"# The Window

Maria had stopped counting the days somewhere around week eight. The calendar on her kitchen wall still showed March, though the light coming through her apartment window had shifted to something softer and more gold.

She sat in her usual spot with her coffee—now cold—watching the street below. The morning routine had become ritualistic: wake, shower, check the news on her phone (a mistake, always a mistake), then settle by the window with something warm to drink.

Today, a child played hopscotch on the sidewalk alone, jumping from square to square chalk-drawn by someone she'd never meet. The girl wore a mask decorated with cartoon cats. Maria wondered if she even remembered what her own face looked like to other people.

Her phone buzzed. Another message in the group chat—her book club, trying to stay connected. They'd attempted video calls at first, but those had stopped. Too hard to see everyone's eyes crease with forced smiles. Too easy to pretend the screen wasn't keeping them all separate.

Maria had started baking instead. The sourdough starter sat on her counter like a pet, bubbling and alive in a way that helped. She fed it, nurtured it, watched it grow. Yesterday, she'd made focaccia. The day before, bread.

Around three o'clock, she heard singing from somewhere in the building—someone practicing scales, badly but bravely. She smiled. Whoever it was didn't stop, even though they were clearly not improving. 

Maria opened her window wider and hummed along.

The virus took many things, but it couldn't take that."
claude-haiku-4.5,5,claude-opus-5,Write a short story about a person living during a pandemic.,"# The Garden

Marcus hadn't left his apartment in forty-three days.

He knew because he'd marked each one on the calendar—small blue X's that accumulated like evidence of a life paused. The news said the city had passed its peak cases. The news also said to stay home. Contradictions had become the texture of daily life.

His apartment was small, a one-bedroom on the fifth floor that he'd once considered temporary. That was before. Now the walls were familiar in a way that made him forget what the outside looked like.

On day forty-four, he ordered soil and seeds online.

The delivery arrived three days later, left in a cardboard box outside his door like a gift from a cautious friend. Marcus wore a mask to retrieve it—old habit, even in the hallway—and carried it inside with the reverence of contraband.

He'd never gardened before. The balcony had held only a rusted chair he never sat in.

He started with basil. Then tomatoes. Then flowers—zinnias, which the description promised would bloom in cheerful clusters. He followed YouTube tutorials in fractured Spanish and broken English, his apartment filling with the smell of earth for the first time since moving in.

Something shifted in his chest the day the first basil leaf unfurled.

It wasn't hope exactly—something quieter. A small proof that things could still grow. That in the margins of catastrophe, life continued its insistent work. That he could be part of that, even here, even now.

Marcus watered his plants every morning and watched the city recover outside his window."
claude-haiku-4.5,4,qwen-4,Write a short story about a person living during a pandemic.,"# The Garden

Maya hadn't been to the grocery store in three weeks. The deliveries came twice a week now—Thursday mornings and Sunday evenings—and she'd learned to stretch them out, to cook with intention.

She stood at her kitchen window, watching the neighborhood. Fewer cars. No children playing in the Hendersons' yard. A man across the street watering his lawn in a surgical mask, as if the virus might travel through the air and into his tomatoes.

The news played softly on her laptop. Numbers, interviews, conflicting advice. She'd stopped watching after the third hour each day.

Instead, she'd started digging.

The backyard had been neglected for years—just a patch of compacted earth where her ex had promised to build a deck. The shovel was still in the garage. Maya had cleared away the weeds, turned the soil, and planted in neat rows: tomatoes, lettuce, beans, zucchini. Flowers too. Lavender along the fence. Sunflowers by the back gate.

It was silly. The pandemic might last weeks or months. Some said a year. Some said longer. She might not need the garden at all. But watching the seedlings push through the dark soil made time feel different—not like waiting for things to return to normal, but like *growing* toward something.

Her sister called that evening. Angry about the lockdowns, frightened about money, exhausted from her kids' online school. Maya listened, and then told her about the garden.

""That sounds nice,"" her sister said quietly. A pause. ""Do you think it'll be a lot of work?""

""Probably,"" Maya said, looking at her dirt-caked hands. ""But maybe that's the point.""

The next Sunday, her sister ordered seeds online. By summer, they were sharing photos of tomatoes that grew fat in the sun, of zucchini that appeared overnight, of lavender that hummed with bees.

The world was still ill. But in that small yard, something was learning how to bloom."
claude-haiku-4.5,3,qwen-4-high,Write a short story about a person living during a pandemic.,"# The Window

Maya hadn't left her apartment in forty-three days.

She knew this because she'd started marking the calendar on her kitchen wall with red pen—a habit from childhood that felt appropriate now, though back then she'd been counting down to field trips and summer vacation. Now she was counting something else entirely.

The apartment was small: a studio that had felt cozy last year and confining now. She'd rearranged the furniture three times, reorganized her books by color, and taught herself to bake sourdough. The jar with the starter sat on her windowsill like a pet that needed constant attention.

From that same window, she watched the world.

The street below had transformed into a theater of small dramas. She'd learned the routines of her neighbors: Mrs. Chen, who came out every afternoon at three to sweep her stoop, even though no one was walking past; the delivery man with the kind eyes who always set packages down gently; the teenagers who'd started a mural in the alley, one careful brushstroke at a time.

Today, she saw something new.

A child, maybe six years old, stood outside the bodega with his mother. He was pointing at the sky, animated in the way only children could be. His mother—tense with the vigilance of the time—turned to look. For just a moment, her shoulders dropped.

Maya pressed her hand against the glass. She didn't know them. They didn't know her. But somehow, watching this small moment of wonder pierce through the fear felt important.

She went to her kitchen and opened her sourdough jar. The starter bubbled quietly, alive and waiting. Tomorrow, she would bake bread. The day after, maybe she would finally write that letter to her sister.

Outside, life continued in fragments and moments. Inside, Maya lived in the spaces between them—tethered to her window, tethered to hope, waiting."
claude-haiku-4.5,2,gpt-6,Write a short story about a person living during a pandemic.,"# The Window

Marcus had forgotten what Tuesday felt like different from Thursday.

He sat by the window of his apartment on the forty-second floor, coffee growing cold in his hands. Outside, the city moved in a strange, muted way. Fewer cars. Fewer people on the sidewalks below. Those who walked wore masks like armor, hurrying between invisible safe zones.

It had been ninety-three days. He kept count on a calendar, though he wasn't sure why anymore.

His job existed now only on his laptop—a glowing rectangle in his bedroom where he spent eight hours pretending the slightly-frozen video of his coworkers meant something. His manager still said ""challenging times,"" as if they hadn't all settled into this new life like water taking the shape of its container.

The knock came on Saturday. Or what felt like Saturday.

It was his neighbor, Mrs. Chen, holding a container through the cracked doorway. She'd baked egg custard tarts, her first time leaving her unit in six weeks. Marcus could see the tremor in her hands—not from fear, but from the unfamiliar effort of living.

They stood two meters apart and said nothing important, but it was the first conversation that hadn't happened through fiber optic cables in longer than he could remember. Her mask covered everything but her eyes, but he watched them crinkle—a smile.

After she left, Marcus placed the tart on the kitchen counter and simply looked at it for a long time. It was warm. Real. Small, but real.

He marked the calendar. Tuesday. And then he opened the window."
claude-haiku-4.5,1,gpt-6-high,Write a short story about a person living during a pandemic.,"# The Window

Maya pressed her forehead against the cool glass, watching the empty street below. Forty-three days. She'd counted them on the calendar with a red pen, each X a small rebellion against the silence.

The apartment had started to feel like a terrarium—controlled, contained, slowly running out of air. Her plants were thriving, at least. They didn't mind the isolation.

Her phone buzzed. A text from her mother: *Did you go outside today?* The same question. Every day.

*Just the balcony,* Maya typed back, which was a half-truth. She'd stood there for twenty minutes that morning, masked and distant, watching a neighbor water his garden two buildings over. They'd waved. It had felt revolutionary.

Before the pandemic, Maya would have laughed at herself. Before, she had people to meet, places to go, a job that required her to be anywhere but here. Before felt like someone else's life.

Now she baked sourdough, read novels, took virtual yoga classes with the muted neighbor on the screen. She learned that she liked silence more than she'd expected. That she could exist without the constant pull of the world.

Yesterday, the news reported vaccination rates climbing. Numbers that meant something was shifting.

Maya returned to her book as the sun moved across the living room floor, making patterns on the wall. The world was still out there, waiting. But for now, in this quiet room, she was learning how to wait too.

And somehow, that felt enough."
